Date,RevenueCenterName,MealPeriod,CheckTotal
2023-01-01,RevenueCenter_1,Breakfast,1499.4
2023-01-01,RevenueCenter_1,Dinner,4374.5
2023-01-01,RevenueCenter_1,Lunch,1260.0
2023-01-02,RevenueCenter_1,Breakfast,771.0
2023-01-02,RevenueCenter_1,Dinner,3460.0
2023-01-02,RevenueCenter_1,Lunch,1042.0
2023-01-03,RevenueCenter_1,Breakfast,1302.4
2023-01-03,RevenueCenter_1,Dinner,2735.9
2023-01-03,RevenueCenter_1,Lunch,826.0
2023-01-04,RevenueCenter_1,Breakfast,1737.0
2023-01-04,RevenueCenter_1,Dinner,3829.0
2023-01-04,RevenueCenter_1,Lunch,712.0
2023-01-05,RevenueCenter_1,Breakfast,653.0
2023-01-05,RevenueCenter_1,Dinner,3868.0
2023-01-05,RevenueCenter_1,Lunch,1162.0
2023-01-06,RevenueCenter_1,Breakfast,1204.4
2023-01-06,RevenueCenter_1,Dinner,3124.5
2023-01-06,RevenueCenter_1,Lunch,1285.0
2023-01-07,RevenueCenter_1,Breakfast,1172.0
2023-01-07,RevenueCenter_1,Dinner,1967.5
2023-01-07,RevenueCenter_1,Lunch,1111.0
2023-01-08,RevenueCenter_1,Breakfast,1139.0
2023-01-08,RevenueCenter_1,Dinner,2210.9
2023-01-08,RevenueCenter_1,Lunch,543.0
2023-01-09,RevenueCenter_1,Breakfast,300.0
2023-01-09,RevenueCenter_1,Dinner,2414.0
2023-01-09,RevenueCenter_1,Lunch,232.0
2023-01-10,RevenueCenter_1,Breakfast,740.0
2023-01-10,RevenueCenter_1,Dinner,1632.5
2023-01-10,RevenueCenter_1,Lunch,1139.0
2023-01-11,RevenueCenter_1,Breakfast,485.0
2023-01-11,RevenueCenter_1,Dinner,2458.75
2023-01-11,RevenueCenter_1,Lunch,370.0
2023-01-12,RevenueCenter_1,Breakfast,1208.0
2023-01-12,RevenueCenter_1,Dinner,2038.5
2023-01-12,RevenueCenter_1,Lunch,414.0
2023-01-13,RevenueCenter_1,Breakfast,1278.0
2023-01-13,RevenueCenter_1,Dinner,1326.3
2023-01-13,RevenueCenter_1,Lunch,642.0
2023-01-14,RevenueCenter_1,Breakfast,628.0
2023-01-14,RevenueCenter_1,Dinner,1780.0
2023-01-14,RevenueCenter_1,Lunch,240.0
2023-01-15,RevenueCenter_1,Breakfast,1220.0
2023-01-15,RevenueCenter_1,Dinner,2318.0
2023-01-15,RevenueCenter_1,Lunch,354.8
2023-01-16,RevenueCenter_1,Breakfast,420.0
2023-01-16,RevenueCenter_1,Dinner,2396.0
2023-01-16,RevenueCenter_1,Lunch,284.0
2023-01-17,RevenueCenter_1,Breakfast,330.0
2023-01-17,RevenueCenter_1,Dinner,1672.5
2023-01-17,RevenueCenter_1,Lunch,496.0
2023-01-18,RevenueCenter_1,Breakfast,1157.0
2023-01-18,RevenueCenter_1,Dinner,1363.5
2023-01-18,RevenueCenter_1,Lunch,694.0
2023-01-19,RevenueCenter_1,Breakfast,447.8
2023-01-19,RevenueCenter_1,Dinner,1342.0
2023-01-19,RevenueCenter_1,Lunch,280.0
2023-01-20,RevenueCenter_1,Breakfast,874.0
2023-01-20,RevenueCenter_1,Dinner,1337.5
2023-01-20,RevenueCenter_1,Lunch,524.0
2023-01-21,RevenueCenter_1,Breakfast,674.0
2023-01-21,RevenueCenter_1,Dinner,1693.0
2023-01-21,RevenueCenter_1,Lunch,1677.0
2023-01-22,RevenueCenter_1,Breakfast,1131.0
2023-01-22,RevenueCenter_1,Dinner,2144.0
2023-01-22,RevenueCenter_1,Lunch,889.0
2023-01-23,RevenueCenter_1,Breakfast,208.0
2023-01-23,RevenueCenter_1,Dinner,4238.0
2023-01-23,RevenueCenter_1,Lunch,895.5
2023-01-24,RevenueCenter_1,Breakfast,374.0
2023-01-24,RevenueCenter_1,Dinner,1794.0
2023-01-24,RevenueCenter_1,Lunch,674.0
2023-01-25,RevenueCenter_1,Breakfast,652.0
2023-01-25,RevenueCenter_1,Dinner,2641.5
2023-01-25,RevenueCenter_1,Lunch,371.0
2023-01-26,RevenueCenter_1,Breakfast,664.0
2023-01-26,RevenueCenter_1,Dinner,3669.5
2023-01-26,RevenueCenter_1,Lunch,455.0
2023-01-27,RevenueCenter_1,Breakfast,869.0
2023-01-27,RevenueCenter_1,Dinner,3899.0
2023-01-27,RevenueCenter_1,Lunch,456.5
2023-01-28,RevenueCenter_1,Breakfast,1169.0
2023-01-28,RevenueCenter_1,Dinner,2667.5
2023-01-28,RevenueCenter_1,Lunch,645.9
2023-01-29,RevenueCenter_1,Breakfast,1062.0
2023-01-29,RevenueCenter_1,Dinner,2841.0
2023-01-29,RevenueCenter_1,Lunch,1016.0
2023-01-30,RevenueCenter_1,Breakfast,187.4
2023-01-30,RevenueCenter_1,Dinner,3020.5
2023-01-30,RevenueCenter_1,Lunch,510.0
2023-01-31,RevenueCenter_1,Breakfast,473.0
2023-01-31,RevenueCenter_1,Dinner,4368.0
2023-01-31,RevenueCenter_1,Lunch,250.0
2023-02-01,RevenueCenter_1,Breakfast,612.0
2023-02-01,RevenueCenter_1,Dinner,1527.5
2023-02-01,RevenueCenter_1,Lunch,278.0
2023-02-02,RevenueCenter_1,Breakfast,223.0
2023-02-02,RevenueCenter_1,Dinner,2849.0
2023-02-02,RevenueCenter_1,Lunch,938.5
2023-02-03,RevenueCenter_1,Breakfast,968.0
2023-02-03,RevenueCenter_1,Dinner,1896.0
2023-02-03,RevenueCenter_1,Lunch,565.0
2023-02-04,RevenueCenter_1,Breakfast,1994.0
2023-02-04,RevenueCenter_1,Dinner,2686.0
2023-02-04,RevenueCenter_1,Lunch,247.0
2023-02-05,RevenueCenter_1,Breakfast,886.4
2023-02-05,RevenueCenter_1,Dinner,1466.0
2023-02-05,RevenueCenter_1,Lunch,569.5
2023-02-06,RevenueCenter_1,Breakfast,1550.4
2023-02-06,RevenueCenter_1,Dinner,1952.0
2023-02-06,RevenueCenter_1,Lunch,125.0
2023-02-07,RevenueCenter_1,Breakfast,1751.4
2023-02-07,RevenueCenter_1,Dinner,3700.0
2023-02-07,RevenueCenter_1,Lunch,969.0
2023-02-08,RevenueCenter_1,Breakfast,745.0
2023-02-08,RevenueCenter_1,Dinner,1673.0
2023-02-08,RevenueCenter_1,Lunch,258.0
2023-02-09,RevenueCenter_1,Breakfast,825.0
2023-02-09,RevenueCenter_1,Dinner,3374.4
2023-02-09,RevenueCenter_1,Lunch,801.0
2023-02-10,RevenueCenter_1,Breakfast,456.0
2023-02-10,RevenueCenter_1,Dinner,2559.0
2023-02-10,RevenueCenter_1,Lunch,570.5
2023-02-11,RevenueCenter_1,Breakfast,1229.0
2023-02-11,RevenueCenter_1,Dinner,2197.0
2023-02-11,RevenueCenter_1,Lunch,973.5
2023-02-12,RevenueCenter_1,Breakfast,997.0
2023-02-12,RevenueCenter_1,Dinner,4039.0
2023-02-12,RevenueCenter_1,Lunch,1196.0
2023-02-13,RevenueCenter_1,Breakfast,924.0
2023-02-13,RevenueCenter_1,Dinner,3750.0
2023-02-13,RevenueCenter_1,Lunch,282.0
2023-02-14,RevenueCenter_1,Breakfast,340.4
2023-02-14,RevenueCenter_1,Dinner,4156.0
2023-02-14,RevenueCenter_1,Lunch,526.0
2023-02-15,RevenueCenter_1,Breakfast,432.0
2023-02-15,RevenueCenter_1,Dinner,2181.0
2023-02-15,RevenueCenter_1,Lunch,1566.0
2023-02-16,RevenueCenter_1,Breakfast,1215.0
2023-02-16,RevenueCenter_1,Dinner,3598.5
2023-02-16,RevenueCenter_1,Lunch,1259.0
2023-02-17,RevenueCenter_1,Breakfast,1749.5
2023-02-17,RevenueCenter_1,Dinner,2451.0
2023-02-17,RevenueCenter_1,Lunch,689.0
2023-02-18,RevenueCenter_1,Breakfast,2197.4
2023-02-18,RevenueCenter_1,Dinner,3515.0
2023-02-18,RevenueCenter_1,Lunch,1026.0
2023-02-19,RevenueCenter_1,Breakfast,1505.0
2023-02-19,RevenueCenter_1,Dinner,4452.22
2023-02-19,RevenueCenter_1,Lunch,844.0
2023-02-20,RevenueCenter_1,Breakfast,578.0
2023-02-20,RevenueCenter_1,Dinner,2629.0
2023-02-20,RevenueCenter_1,Lunch,908.0
2023-02-21,RevenueCenter_1,Breakfast,1040.0
2023-02-21,RevenueCenter_1,Dinner,3025.5
2023-02-21,RevenueCenter_1,Lunch,965.0
2023-02-22,RevenueCenter_1,Breakfast,1319.0
2023-02-22,RevenueCenter_1,Dinner,2569.0
2023-02-22,RevenueCenter_1,Lunch,785.0
2023-02-23,RevenueCenter_1,Breakfast,766.0
2023-02-23,RevenueCenter_1,Dinner,2853.0
2023-02-23,RevenueCenter_1,Lunch,259.0
2023-02-24,RevenueCenter_1,Breakfast,873.0
2023-02-24,RevenueCenter_1,Dinner,2830.0
2023-02-24,RevenueCenter_1,Lunch,1012.0
2023-02-25,RevenueCenter_1,Breakfast,798.0
2023-02-25,RevenueCenter_1,Dinner,4164.0
2023-02-25,RevenueCenter_1,Lunch,1087.0
2023-02-26,RevenueCenter_1,Breakfast,1498.4
2023-02-26,RevenueCenter_1,Dinner,2626.0
2023-02-26,RevenueCenter_1,Lunch,573.0
2023-02-27,RevenueCenter_1,Breakfast,956.9
2023-02-27,RevenueCenter_1,Dinner,1937.8
2023-02-27,RevenueCenter_1,Lunch,575.0
2023-02-28,RevenueCenter_1,Breakfast,1214.0
2023-02-28,RevenueCenter_1,Dinner,3393.5
2023-02-28,RevenueCenter_1,Lunch,523.0
2023-03-01,RevenueCenter_1,Breakfast,765.0
2023-03-01,RevenueCenter_1,Dinner,3483.0
2023-03-01,RevenueCenter_1,Lunch,451.0
2023-03-02,RevenueCenter_1,Breakfast,88.0
2023-03-02,RevenueCenter_1,Dinner,2094.0
2023-03-02,RevenueCenter_1,Lunch,381.0
2023-03-03,RevenueCenter_1,Breakfast,50.0
2023-03-03,RevenueCenter_1,Dinner,2592.0
2023-03-03,RevenueCenter_1,Lunch,345.0
2023-03-04,RevenueCenter_1,Breakfast,275.0
2023-03-04,RevenueCenter_1,Dinner,1927.5
2023-03-04,RevenueCenter_1,Lunch,674.8
2023-03-05,RevenueCenter_1,Breakfast,839.0
2023-03-05,RevenueCenter_1,Dinner,4099.5
2023-03-05,RevenueCenter_1,Lunch,632.1
2023-03-06,RevenueCenter_1,Breakfast,766.0
2023-03-06,RevenueCenter_1,Dinner,2249.5
2023-03-06,RevenueCenter_1,Lunch,385.0
2023-03-07,RevenueCenter_1,Breakfast,486.0
2023-03-07,RevenueCenter_1,Dinner,3413.5
2023-03-07,RevenueCenter_1,Lunch,728.0
2023-03-08,RevenueCenter_1,Breakfast,187.0
2023-03-08,RevenueCenter_1,Dinner,2141.0
2023-03-08,RevenueCenter_1,Lunch,693.0
2023-03-09,RevenueCenter_1,Breakfast,804.0
2023-03-09,RevenueCenter_1,Dinner,3054.0
2023-03-09,RevenueCenter_1,Lunch,529.7
2023-03-10,RevenueCenter_1,Breakfast,956.0
2023-03-10,RevenueCenter_1,Dinner,1376.0
2023-03-10,RevenueCenter_1,Lunch,638.0
2023-03-11,RevenueCenter_1,Breakfast,241.0
2023-03-11,RevenueCenter_1,Dinner,1807.0
2023-03-11,RevenueCenter_1,Lunch,1087.4
2023-03-12,RevenueCenter_1,Breakfast,458.0
2023-03-12,RevenueCenter_1,Dinner,1834.0
2023-03-12,RevenueCenter_1,Lunch,675.0
2023-03-13,RevenueCenter_1,Breakfast,342.0
2023-03-13,RevenueCenter_1,Dinner,1895.5
2023-03-13,RevenueCenter_1,Lunch,1103.0
2023-03-14,RevenueCenter_1,Breakfast,222.0
2023-03-14,RevenueCenter_1,Dinner,2555.5
2023-03-14,RevenueCenter_1,Lunch,260.0
2023-03-15,RevenueCenter_1,Breakfast,364.0
2023-03-15,RevenueCenter_1,Dinner,1855.5
2023-03-15,RevenueCenter_1,Lunch,174.0
2023-03-16,RevenueCenter_1,Breakfast,274.5
2023-03-16,RevenueCenter_1,Dinner,2499.0
2023-03-16,RevenueCenter_1,Lunch,390.0
2023-03-17,RevenueCenter_1,Breakfast,1188.0
2023-03-17,RevenueCenter_1,Dinner,1478.0
2023-03-17,RevenueCenter_1,Lunch,503.0
2023-03-18,RevenueCenter_1,Breakfast,590.0
2023-03-18,RevenueCenter_1,Dinner,1493.0
2023-03-18,RevenueCenter_1,Lunch,718.0
2023-03-19,RevenueCenter_1,Breakfast,629.0
2023-03-19,RevenueCenter_1,Dinner,1207.0
2023-03-19,RevenueCenter_1,Lunch,365.0
2023-03-20,RevenueCenter_1,Breakfast,356.0
2023-03-20,RevenueCenter_1,Dinner,3182.0
2023-03-20,RevenueCenter_1,Lunch,252.0
2023-03-21,RevenueCenter_1,Breakfast,449.0
2023-03-21,RevenueCenter_1,Dinner,1855.0
2023-03-21,RevenueCenter_1,Lunch,325.0
2023-03-22,RevenueCenter_1,Breakfast,244.0
2023-03-22,RevenueCenter_1,Dinner,2154.0
2023-03-22,RevenueCenter_1,Lunch,1267.0
2023-03-23,RevenueCenter_1,Breakfast,536.0
2023-03-23,RevenueCenter_1,Dinner,2598.0
2023-03-23,RevenueCenter_1,Lunch,268.0
2023-03-24,RevenueCenter_1,Breakfast,344.0
2023-03-24,RevenueCenter_1,Dinner,1580.0
2023-03-24,RevenueCenter_1,Lunch,310.0
2023-03-25,RevenueCenter_1,Breakfast,100.0
2023-03-25,RevenueCenter_1,Dinner,1319.0
2023-03-25,RevenueCenter_1,Lunch,375.0
2023-03-26,RevenueCenter_1,Breakfast,604.0
2023-03-26,RevenueCenter_1,Dinner,1374.0
2023-03-26,RevenueCenter_1,Lunch,539.0
2023-03-27,RevenueCenter_1,Breakfast,262.0
2023-03-27,RevenueCenter_1,Dinner,1131.0
2023-03-27,RevenueCenter_1,Lunch,371.0
2023-03-28,RevenueCenter_1,Breakfast,519.0
2023-03-28,RevenueCenter_1,Dinner,1767.0
2023-03-28,RevenueCenter_1,Lunch,339.0
2023-03-29,RevenueCenter_1,Breakfast,305.0
2023-03-29,RevenueCenter_1,Dinner,748.0
2023-03-29,RevenueCenter_1,Lunch,190.0
2023-03-30,RevenueCenter_1,Breakfast,92.0
2023-03-30,RevenueCenter_1,Dinner,1161.5
2023-03-30,RevenueCenter_1,Lunch,535.7166666666667
2023-03-31,RevenueCenter_1,Breakfast,160.0
2023-03-31,RevenueCenter_1,Dinner,1642.0
2023-03-31,RevenueCenter_1,Lunch,341.0
2023-04-01,RevenueCenter_1,Breakfast,407.0
2023-04-01,RevenueCenter_1,Dinner,479.0
2023-04-01,RevenueCenter_1,Lunch,543.475
2023-04-02,RevenueCenter_1,Breakfast,297.0
2023-04-02,RevenueCenter_1,Dinner,1384.0
2023-04-02,RevenueCenter_1,Lunch,390.0
2023-04-03,RevenueCenter_1,Breakfast,386.76666666666665
2023-04-03,RevenueCenter_1,Dinner,1890.5
2023-04-03,RevenueCenter_1,Lunch,429.0
2023-04-04,RevenueCenter_1,Breakfast,45.0
2023-04-04,RevenueCenter_1,Dinner,1224.0
2023-04-04,RevenueCenter_1,Lunch,499.0
2023-04-05,RevenueCenter_1,Breakfast,266.0
2023-04-05,RevenueCenter_1,Dinner,1321.0
2023-04-05,RevenueCenter_1,Lunch,1647.0
2023-04-06,RevenueCenter_1,Breakfast,1094.0
2023-04-06,RevenueCenter_1,Dinner,1858.0
2023-04-06,RevenueCenter_1,Lunch,703.0
2023-04-07,RevenueCenter_1,Breakfast,554.0
2023-04-07,RevenueCenter_1,Dinner,2188.5
2023-04-07,RevenueCenter_1,Lunch,1223.0
2023-04-08,RevenueCenter_1,Breakfast,414.0
2023-04-08,RevenueCenter_1,Dinner,636.0
2023-04-08,RevenueCenter_1,Lunch,605.0
2023-04-09,RevenueCenter_1,Breakfast,101.0
2023-04-09,RevenueCenter_1,Dinner,1853.0
2023-04-09,RevenueCenter_1,Lunch,339.0
2023-04-10,RevenueCenter_1,Breakfast,857.0
2023-04-10,RevenueCenter_1,Dinner,2563.5
2023-04-10,RevenueCenter_1,Lunch,1658.0
2023-04-11,RevenueCenter_1,Breakfast,114.0
2023-04-11,RevenueCenter_1,Dinner,365.5
2023-04-11,RevenueCenter_1,Lunch,970.0
2023-04-12,RevenueCenter_1,Breakfast,248.0
2023-04-12,RevenueCenter_1,Dinner,1099.0
2023-04-12,RevenueCenter_1,Lunch,579.0
2023-04-13,RevenueCenter_1,Breakfast,782.0
2023-04-13,RevenueCenter_1,Dinner,1391.5
2023-04-13,RevenueCenter_1,Lunch,302.5
2023-04-14,RevenueCenter_1,Breakfast,557.0
2023-04-14,RevenueCenter_1,Dinner,436.0
2023-04-14,RevenueCenter_1,Lunch,711.75
2023-04-15,RevenueCenter_1,Breakfast,580.0
2023-04-15,RevenueCenter_1,Dinner,1337.0
2023-04-15,RevenueCenter_1,Lunch,85.0
2023-04-16,RevenueCenter_1,Breakfast,251.0
2023-04-16,RevenueCenter_1,Dinner,1929.5
2023-04-16,RevenueCenter_1,Lunch,140.0
2023-04-17,RevenueCenter_1,Breakfast,436.0
2023-04-17,RevenueCenter_1,Dinner,1175.0
2023-04-17,RevenueCenter_1,Lunch,599.0
2023-04-18,RevenueCenter_1,Breakfast,364.0
2023-04-18,RevenueCenter_1,Dinner,1843.5
2023-04-18,RevenueCenter_1,Lunch,234.0
2023-04-19,RevenueCenter_1,Breakfast,324.0
2023-04-19,RevenueCenter_1,Dinner,1780.0
2023-04-19,RevenueCenter_1,Lunch,415.0
2023-04-20,RevenueCenter_1,Breakfast,753.0
2023-04-20,RevenueCenter_1,Dinner,3090.0
2023-04-20,RevenueCenter_1,Lunch,235.0
2023-04-21,RevenueCenter_1,Breakfast,408.0
2023-04-21,RevenueCenter_1,Dinner,2223.0
2023-04-21,RevenueCenter_1,Lunch,204.0
2023-04-22,RevenueCenter_1,Breakfast,544.0
2023-04-22,RevenueCenter_1,Dinner,3381.0
2023-04-22,RevenueCenter_1,Lunch,237.0
2023-04-23,RevenueCenter_1,Breakfast,518.0
2023-04-23,RevenueCenter_1,Dinner,2107.0
2023-04-23,RevenueCenter_1,Lunch,597.0
2023-04-24,RevenueCenter_1,Breakfast,1381.0
2023-04-24,RevenueCenter_1,Dinner,2465.0
2023-04-24,RevenueCenter_1,Lunch,995.0
2023-04-25,RevenueCenter_1,Breakfast,1355.25
2023-04-25,RevenueCenter_1,Dinner,5089.0
2023-04-25,RevenueCenter_1,Lunch,523.0
2023-04-26,RevenueCenter_1,Breakfast,492.0
2023-04-26,RevenueCenter_1,Dinner,2940.0
2023-04-26,RevenueCenter_1,Lunch,740.0
2023-04-27,RevenueCenter_1,Breakfast,1340.0
2023-04-27,RevenueCenter_1,Dinner,4883.0
2023-04-27,RevenueCenter_1,Lunch,1345.0
2023-04-28,RevenueCenter_1,Breakfast,1238.75
2023-04-28,RevenueCenter_1,Dinner,2828.0
2023-04-28,RevenueCenter_1,Lunch,264.0
2023-04-29,RevenueCenter_1,Breakfast,1059.5
2023-04-29,RevenueCenter_1,Dinner,2706.0
2023-04-29,RevenueCenter_1,Lunch,382.0
2023-04-30,RevenueCenter_1,Breakfast,649.0
2023-04-30,RevenueCenter_1,Dinner,3242.0
2023-04-30,RevenueCenter_1,Lunch,450.0
2023-05-01,RevenueCenter_1,Breakfast,497.0
2023-05-01,RevenueCenter_1,Dinner,1182.0
2023-05-01,RevenueCenter_1,Lunch,40.0
2023-05-02,RevenueCenter_1,Breakfast,247.9
2023-05-02,RevenueCenter_1,Dinner,2688.5
2023-05-02,RevenueCenter_1,Lunch,430.0
2023-05-03,RevenueCenter_1,Breakfast,477.9
2023-05-03,RevenueCenter_1,Dinner,1379.0
2023-05-03,RevenueCenter_1,Lunch,55.0
2023-05-04,RevenueCenter_1,Breakfast,554.0
2023-05-04,RevenueCenter_1,Dinner,2907.0
2023-05-04,RevenueCenter_1,Lunch,639.0
2023-05-05,RevenueCenter_1,Breakfast,337.0
2023-05-05,RevenueCenter_1,Dinner,2104.75
2023-05-05,RevenueCenter_1,Lunch,676.0
2023-05-06,RevenueCenter_1,Breakfast,981.0
2023-05-06,RevenueCenter_1,Dinner,953.5
2023-05-06,RevenueCenter_1,Lunch,743.0
2023-05-07,RevenueCenter_1,Breakfast,702.5
2023-05-07,RevenueCenter_1,Dinner,3071.0
2023-05-07,RevenueCenter_1,Lunch,108.0
2023-05-08,RevenueCenter_1,Breakfast,1199.0
2023-05-08,RevenueCenter_1,Dinner,3662.5
2023-05-08,RevenueCenter_1,Lunch,316.0
2023-05-09,RevenueCenter_1,Breakfast,244.0
2023-05-09,RevenueCenter_1,Dinner,3249.0
2023-05-09,RevenueCenter_1,Lunch,899.0
2023-05-10,RevenueCenter_1,Breakfast,362.0
2023-05-10,RevenueCenter_1,Dinner,2664.5
2023-05-10,RevenueCenter_1,Lunch,420.0
2023-05-11,RevenueCenter_1,Breakfast,648.0
2023-05-11,RevenueCenter_1,Dinner,2341.0
2023-05-11,RevenueCenter_1,Lunch,626.0
2023-05-12,RevenueCenter_1,Breakfast,812.0
2023-05-12,RevenueCenter_1,Dinner,2505.0
2023-05-12,RevenueCenter_1,Lunch,353.0
2023-05-13,RevenueCenter_1,Breakfast,303.0
2023-05-13,RevenueCenter_1,Dinner,2667.5
2023-05-13,RevenueCenter_1,Lunch,619.0
2023-05-14,RevenueCenter_1,Breakfast,522.0
2023-05-14,RevenueCenter_1,Dinner,2310.0
2023-05-14,RevenueCenter_1,Lunch,630.9
2023-05-15,RevenueCenter_1,Breakfast,1574.0
2023-05-15,RevenueCenter_1,Dinner,2294.9
2023-05-15,RevenueCenter_1,Lunch,364.0
2023-05-16,RevenueCenter_1,Breakfast,322.9
2023-05-16,RevenueCenter_1,Dinner,4976.0
2023-05-16,RevenueCenter_1,Lunch,616.0
2023-05-17,RevenueCenter_1,Breakfast,1451.0
2023-05-17,RevenueCenter_1,Dinner,2361.0
2023-05-17,RevenueCenter_1,Lunch,472.0
2023-05-18,RevenueCenter_1,Breakfast,114.0
2023-05-18,RevenueCenter_1,Dinner,2945.5
2023-05-18,RevenueCenter_1,Lunch,190.0
2023-05-19,RevenueCenter_1,Breakfast,746.0
2023-05-19,RevenueCenter_1,Dinner,1102.5
2023-05-19,RevenueCenter_1,Lunch,598.0
2023-05-20,RevenueCenter_1,Breakfast,635.0
2023-05-20,RevenueCenter_1,Dinner,1838.0
2023-05-20,RevenueCenter_1,Lunch,750.0
2023-05-21,RevenueCenter_1,Breakfast,154.0
2023-05-21,RevenueCenter_1,Dinner,1268.0
2023-05-21,RevenueCenter_1,Lunch,303.0
2023-05-22,RevenueCenter_1,Breakfast,690.0
2023-05-22,RevenueCenter_1,Dinner,1920.0
2023-05-22,RevenueCenter_1,Lunch,739.0
2023-05-23,RevenueCenter_1,Breakfast,1289.0
2023-05-23,RevenueCenter_1,Dinner,2431.0
2023-05-23,RevenueCenter_1,Lunch,183.0
2023-05-24,RevenueCenter_1,Breakfast,276.0
2023-05-24,RevenueCenter_1,Dinner,2028.0
2023-05-24,RevenueCenter_1,Lunch,641.0
2023-05-25,RevenueCenter_1,Breakfast,718.0
2023-05-25,RevenueCenter_1,Dinner,2135.0
2023-05-25,RevenueCenter_1,Lunch,575.0
2023-05-26,RevenueCenter_1,Breakfast,928.0
2023-05-26,RevenueCenter_1,Dinner,1703.0
2023-05-26,RevenueCenter_1,Lunch,40.0
2023-05-27,RevenueCenter_1,Breakfast,409.0
2023-05-27,RevenueCenter_1,Dinner,1189.0
2023-05-27,RevenueCenter_1,Lunch,287.5
2023-05-28,RevenueCenter_1,Breakfast,1116.0
2023-05-28,RevenueCenter_1,Dinner,1198.0
2023-05-28,RevenueCenter_1,Lunch,187.0
2023-05-29,RevenueCenter_1,Breakfast,366.0
2023-05-29,RevenueCenter_1,Dinner,1905.5
2023-05-29,RevenueCenter_1,Lunch,691.0
2023-05-30,RevenueCenter_1,Breakfast,915.0
2023-05-30,RevenueCenter_1,Dinner,3977.5
2023-05-30,RevenueCenter_1,Lunch,796.0
2023-05-31,RevenueCenter_1,Breakfast,1055.0
2023-05-31,RevenueCenter_1,Dinner,1914.0
2023-05-31,RevenueCenter_1,Lunch,1110.0
2023-06-01,RevenueCenter_1,Breakfast,827.0
2023-06-01,RevenueCenter_1,Dinner,3296.0
2023-06-01,RevenueCenter_1,Lunch,236.5
2023-06-02,RevenueCenter_1,Breakfast,176.0
2023-06-02,RevenueCenter_1,Dinner,2026.0
2023-06-02,RevenueCenter_1,Lunch,782.0
2023-06-03,RevenueCenter_1,Breakfast,682.0
2023-06-03,RevenueCenter_1,Dinner,1797.0
2023-06-03,RevenueCenter_1,Lunch,598.0
2023-06-04,RevenueCenter_1,Breakfast,879.0
2023-06-04,RevenueCenter_1,Dinner,1697.5
2023-06-04,RevenueCenter_1,Lunch,960.0
2023-06-05,RevenueCenter_1,Breakfast,964.0
2023-06-05,RevenueCenter_1,Dinner,1434.0
2023-06-05,RevenueCenter_1,Lunch,377.0
2023-06-06,RevenueCenter_1,Breakfast,875.0
2023-06-06,RevenueCenter_1,Dinner,1905.0
2023-06-06,RevenueCenter_1,Lunch,632.0
2023-06-07,RevenueCenter_1,Breakfast,406.0
2023-06-07,RevenueCenter_1,Dinner,3526.5
2023-06-07,RevenueCenter_1,Lunch,460.0
2023-06-08,RevenueCenter_1,Breakfast,372.0
2023-06-08,RevenueCenter_1,Dinner,3886.5
2023-06-08,RevenueCenter_1,Lunch,677.0
2023-06-09,RevenueCenter_1,Breakfast,773.0
2023-06-09,RevenueCenter_1,Dinner,2106.0
2023-06-09,RevenueCenter_1,Lunch,552.0
2023-06-10,RevenueCenter_1,Breakfast,147.0
2023-06-10,RevenueCenter_1,Dinner,2300.0
2023-06-10,RevenueCenter_1,Lunch,471.0
2023-06-11,RevenueCenter_1,Breakfast,473.0
2023-06-11,RevenueCenter_1,Dinner,2043.0
2023-06-11,RevenueCenter_1,Lunch,592.0
2023-06-12,RevenueCenter_1,Breakfast,466.0
2023-06-12,RevenueCenter_1,Dinner,1706.0
2023-06-12,RevenueCenter_1,Lunch,295.0
2023-06-13,RevenueCenter_1,Breakfast,702.0
2023-06-13,RevenueCenter_1,Dinner,997.0
2023-06-13,RevenueCenter_1,Lunch,595.0
2023-06-14,RevenueCenter_1,Breakfast,390.0
2023-06-14,RevenueCenter_1,Dinner,2069.5
2023-06-14,RevenueCenter_1,Lunch,770.0
2023-06-15,RevenueCenter_1,Breakfast,276.0
2023-06-15,RevenueCenter_1,Dinner,2869.0
2023-06-15,RevenueCenter_1,Lunch,754.0
2023-06-16,RevenueCenter_1,Breakfast,761.0
2023-06-16,RevenueCenter_1,Dinner,1999.5
2023-06-16,RevenueCenter_1,Lunch,723.0
2023-06-17,RevenueCenter_1,Breakfast,518.0
2023-06-17,RevenueCenter_1,Dinner,2233.0
2023-06-17,RevenueCenter_1,Lunch,40.0
2023-06-18,RevenueCenter_1,Breakfast,160.0
2023-06-18,RevenueCenter_1,Dinner,2529.0
2023-06-18,RevenueCenter_1,Lunch,877.0
2023-06-19,RevenueCenter_1,Breakfast,774.5
2023-06-19,RevenueCenter_1,Dinner,1401.5
2023-06-19,RevenueCenter_1,Lunch,259.5
2023-06-20,RevenueCenter_1,Breakfast,5.0
2023-06-20,RevenueCenter_1,Dinner,1322.4
2023-06-20,RevenueCenter_1,Lunch,498.0
2023-06-21,RevenueCenter_1,Breakfast,596.0
2023-06-21,RevenueCenter_1,Dinner,1214.5
2023-06-21,RevenueCenter_1,Lunch,849.0
2023-06-22,RevenueCenter_1,Breakfast,468.9
2023-06-22,RevenueCenter_1,Dinner,1695.5
2023-06-22,RevenueCenter_1,Lunch,1073.0
2023-06-23,RevenueCenter_1,Breakfast,530.0
2023-06-23,RevenueCenter_1,Dinner,1375.5
2023-06-23,RevenueCenter_1,Lunch,919.0
2023-06-24,RevenueCenter_1,Breakfast,995.0
2023-06-24,RevenueCenter_1,Dinner,1596.0
2023-06-24,RevenueCenter_1,Lunch,949.0
2023-06-25,RevenueCenter_1,Breakfast,1066.0
2023-06-25,RevenueCenter_1,Dinner,2123.0
2023-06-25,RevenueCenter_1,Lunch,565.0
2023-06-26,RevenueCenter_1,Breakfast,716.0
2023-06-26,RevenueCenter_1,Dinner,3030.7
2023-06-26,RevenueCenter_1,Lunch,1049.0
2023-06-27,RevenueCenter_1,Breakfast,812.0
2023-06-27,RevenueCenter_1,Dinner,1130.0
2023-06-27,RevenueCenter_1,Lunch,499.0
2023-06-28,RevenueCenter_1,Breakfast,1648.0
2023-06-28,RevenueCenter_1,Dinner,2160.0
2023-06-28,RevenueCenter_1,Lunch,921.0
2023-06-29,RevenueCenter_1,Breakfast,1373.0
2023-06-29,RevenueCenter_1,Dinner,3887.5
2023-06-29,RevenueCenter_1,Lunch,880.0
2023-06-30,RevenueCenter_1,Breakfast,1935.0
2023-06-30,RevenueCenter_1,Dinner,2915.0
2023-06-30,RevenueCenter_1,Lunch,379.0
2023-07-01,RevenueCenter_1,Breakfast,448.0
2023-07-01,RevenueCenter_1,Dinner,2619.0
2023-07-01,RevenueCenter_1,Lunch,1214.0
2023-07-02,RevenueCenter_1,Breakfast,619.0
2023-07-02,RevenueCenter_1,Dinner,2287.5
2023-07-02,RevenueCenter_1,Lunch,879.0
2023-07-03,RevenueCenter_1,Breakfast,1030.0
2023-07-03,RevenueCenter_1,Dinner,2781.0
2023-07-03,RevenueCenter_1,Lunch,696.0
2023-07-04,RevenueCenter_1,Breakfast,1070.0
2023-07-04,RevenueCenter_1,Dinner,2351.5
2023-07-04,RevenueCenter_1,Lunch,931.0
2023-07-05,RevenueCenter_1,Breakfast,1577.0
2023-07-05,RevenueCenter_1,Dinner,1437.5
2023-07-05,RevenueCenter_1,Lunch,818.0
2023-07-06,RevenueCenter_1,Breakfast,1531.0
2023-07-06,RevenueCenter_1,Dinner,3471.0
2023-07-06,RevenueCenter_1,Lunch,390.5
2023-07-07,RevenueCenter_1,Breakfast,1125.0
2023-07-07,RevenueCenter_1,Dinner,3995.5
2023-07-07,RevenueCenter_1,Lunch,102.0
2023-07-08,RevenueCenter_1,Breakfast,589.0
2023-07-08,RevenueCenter_1,Dinner,1420.0
2023-07-08,RevenueCenter_1,Lunch,1057.5
2023-07-09,RevenueCenter_1,Breakfast,426.0
2023-07-09,RevenueCenter_1,Dinner,1723.0
2023-07-09,RevenueCenter_1,Lunch,855.0
2023-07-10,RevenueCenter_1,Breakfast,604.0
2023-07-10,RevenueCenter_1,Dinner,1741.0
2023-07-10,RevenueCenter_1,Lunch,618.0
2023-07-11,RevenueCenter_1,Breakfast,90.0
2023-07-11,RevenueCenter_1,Dinner,2445.0
2023-07-11,RevenueCenter_1,Lunch,853.0
2023-07-12,RevenueCenter_1,Breakfast,1018.0
2023-07-12,RevenueCenter_1,Dinner,2978.0
2023-07-12,RevenueCenter_1,Lunch,290.0
2023-07-13,RevenueCenter_1,Breakfast,334.5
2023-07-13,RevenueCenter_1,Dinner,1660.0
2023-07-13,RevenueCenter_1,Lunch,745.0
2023-07-14,RevenueCenter_1,Breakfast,315.0
2023-07-14,RevenueCenter_1,Dinner,2536.0
2023-07-14,RevenueCenter_1,Lunch,764.0
2023-07-15,RevenueCenter_1,Breakfast,1271.0
2023-07-15,RevenueCenter_1,Dinner,3310.0
2023-07-15,RevenueCenter_1,Lunch,279.5
2023-07-16,RevenueCenter_1,Breakfast,644.0
2023-07-16,RevenueCenter_1,Dinner,2112.0
2023-07-16,RevenueCenter_1,Lunch,217.0
2023-07-17,RevenueCenter_1,Breakfast,773.0
2023-07-17,RevenueCenter_1,Dinner,2603.5
2023-07-17,RevenueCenter_1,Lunch,720.0
2023-07-18,RevenueCenter_1,Breakfast,204.0
2023-07-18,RevenueCenter_1,Dinner,3499.2
2023-07-18,RevenueCenter_1,Lunch,627.5
2023-07-19,RevenueCenter_1,Breakfast,136.0
2023-07-19,RevenueCenter_1,Dinner,2256.5
2023-07-19,RevenueCenter_1,Lunch,1624.0
2023-07-20,RevenueCenter_1,Breakfast,738.9
2023-07-20,RevenueCenter_1,Dinner,1422.5
2023-07-20,RevenueCenter_1,Lunch,648.0
2023-07-21,RevenueCenter_1,Breakfast,1301.9
2023-07-21,RevenueCenter_1,Dinner,2727.5
2023-07-21,RevenueCenter_1,Lunch,929.0
2023-07-22,RevenueCenter_1,Breakfast,536.5
2023-07-22,RevenueCenter_1,Dinner,1344.5
2023-07-22,RevenueCenter_1,Lunch,781.0
2023-07-23,RevenueCenter_1,Breakfast,1187.0
2023-07-23,RevenueCenter_1,Dinner,1712.0
2023-07-23,RevenueCenter_1,Lunch,1525.0
2023-07-24,RevenueCenter_1,Breakfast,172.0
2023-07-24,RevenueCenter_1,Dinner,2823.5
2023-07-24,RevenueCenter_1,Lunch,1319.0
2023-07-25,RevenueCenter_1,Breakfast,297.0
2023-07-25,RevenueCenter_1,Dinner,3460.0
2023-07-25,RevenueCenter_1,Lunch,176.0
2023-07-26,RevenueCenter_1,Breakfast,852.0
2023-07-26,RevenueCenter_1,Dinner,2206.0
2023-07-26,RevenueCenter_1,Lunch,1175.5
2023-07-27,RevenueCenter_1,Breakfast,170.0
2023-07-27,RevenueCenter_1,Dinner,2250.0
2023-07-27,RevenueCenter_1,Lunch,760.0
2023-07-28,RevenueCenter_1,Breakfast,870.4
2023-07-28,RevenueCenter_1,Dinner,2031.0
2023-07-28,RevenueCenter_1,Lunch,85.5
2023-07-29,RevenueCenter_1,Breakfast,621.0
2023-07-29,RevenueCenter_1,Dinner,1732.0
2023-07-29,RevenueCenter_1,Lunch,915.0
2023-07-30,RevenueCenter_1,Breakfast,959.0
2023-07-30,RevenueCenter_1,Dinner,1443.0
2023-07-30,RevenueCenter_1,Lunch,1241.0
2023-07-31,RevenueCenter_1,Breakfast,553.0
2023-07-31,RevenueCenter_1,Dinner,1635.5
2023-07-31,RevenueCenter_1,Lunch,1114.0
2023-08-01,RevenueCenter_1,Breakfast,749.0
2023-08-01,RevenueCenter_1,Dinner,1647.0
2023-08-01,RevenueCenter_1,Lunch,319.0
2023-08-02,RevenueCenter_1,Breakfast,520.0
2023-08-02,RevenueCenter_1,Dinner,3336.0
2023-08-02,RevenueCenter_1,Lunch,380.0
2023-08-03,RevenueCenter_1,Breakfast,392.0
2023-08-03,RevenueCenter_1,Dinner,3275.0
2023-08-03,RevenueCenter_1,Lunch,429.5
2023-08-04,RevenueCenter_1,Breakfast,305.0
2023-08-04,RevenueCenter_1,Dinner,2733.5
2023-08-04,RevenueCenter_1,Lunch,1962.0
2023-08-05,RevenueCenter_1,Breakfast,502.0
2023-08-05,RevenueCenter_1,Dinner,2337.0
2023-08-05,RevenueCenter_1,Lunch,90.0
2023-08-06,RevenueCenter_1,Breakfast,836.0
2023-08-06,RevenueCenter_1,Dinner,2405.0
2023-08-06,RevenueCenter_1,Lunch,402.0
2023-08-07,RevenueCenter_1,Breakfast,689.0
2023-08-07,RevenueCenter_1,Dinner,3158.0
2023-08-07,RevenueCenter_1,Lunch,552.0
2023-08-08,RevenueCenter_1,Breakfast,482.0
2023-08-08,RevenueCenter_1,Dinner,428.5
2023-08-08,RevenueCenter_1,Lunch,745.0
2023-08-09,RevenueCenter_1,Breakfast,1109.0
2023-08-09,RevenueCenter_1,Dinner,1140.0
2023-08-09,RevenueCenter_1,Lunch,585.0
2023-08-10,RevenueCenter_1,Breakfast,711.5
2023-08-10,RevenueCenter_1,Dinner,3287.0
2023-08-10,RevenueCenter_1,Lunch,685.0
2023-08-11,RevenueCenter_1,Breakfast,1186.0
2023-08-11,RevenueCenter_1,Dinner,3364.0
2023-08-11,RevenueCenter_1,Lunch,523.0
2023-08-12,RevenueCenter_1,Breakfast,795.0
2023-08-12,RevenueCenter_1,Dinner,3160.0
2023-08-12,RevenueCenter_1,Lunch,796.0
2023-08-13,RevenueCenter_1,Breakfast,352.0
2023-08-13,RevenueCenter_1,Dinner,2064.0
2023-08-13,RevenueCenter_1,Lunch,320.0
2023-08-14,RevenueCenter_1,Breakfast,611.0
2023-08-14,RevenueCenter_1,Dinner,3869.5
2023-08-14,RevenueCenter_1,Lunch,610.0
2023-08-15,RevenueCenter_1,Breakfast,332.0
2023-08-15,RevenueCenter_1,Dinner,1547.5
2023-08-15,RevenueCenter_1,Lunch,1300.0
2023-08-16,RevenueCenter_1,Breakfast,615.0
2023-08-16,RevenueCenter_1,Dinner,1793.0
2023-08-16,RevenueCenter_1,Lunch,667.0
2023-08-17,RevenueCenter_1,Breakfast,680.0
2023-08-17,RevenueCenter_1,Dinner,1771.0
2023-08-17,RevenueCenter_1,Lunch,915.0
2023-08-18,RevenueCenter_1,Breakfast,508.4
2023-08-18,RevenueCenter_1,Dinner,2361.0
2023-08-18,RevenueCenter_1,Lunch,575.0
2023-08-19,RevenueCenter_1,Breakfast,827.0
2023-08-19,RevenueCenter_1,Dinner,2147.0
2023-08-19,RevenueCenter_1,Lunch,615.3833333333333
2023-08-20,RevenueCenter_1,Breakfast,449.0
2023-08-20,RevenueCenter_1,Dinner,1415.0
2023-08-20,RevenueCenter_1,Lunch,160.0
2023-08-21,RevenueCenter_1,Breakfast,516.0
2023-08-21,RevenueCenter_1,Dinner,1879.0
2023-08-21,RevenueCenter_1,Lunch,939.0
2023-08-22,RevenueCenter_1,Breakfast,481.4
2023-08-22,RevenueCenter_1,Dinner,1687.0
2023-08-22,RevenueCenter_1,Lunch,135.0
2023-08-23,RevenueCenter_1,Breakfast,619.4
2023-08-23,RevenueCenter_1,Dinner,1668.4
2023-08-23,RevenueCenter_1,Lunch,505.0
2023-08-24,RevenueCenter_1,Breakfast,1158.3
2023-08-24,RevenueCenter_1,Dinner,1685.0
2023-08-24,RevenueCenter_1,Lunch,43.0
2023-08-25,RevenueCenter_1,Breakfast,477.0
2023-08-25,RevenueCenter_1,Dinner,2258.0
2023-08-25,RevenueCenter_1,Lunch,589.5
2023-08-26,RevenueCenter_1,Breakfast,437.9
2023-08-26,RevenueCenter_1,Dinner,1998.0
2023-08-26,RevenueCenter_1,Lunch,542.0
2023-08-27,RevenueCenter_1,Breakfast,798.9
2023-08-27,RevenueCenter_1,Dinner,1187.0
2023-08-27,RevenueCenter_1,Lunch,880.0
2023-08-28,RevenueCenter_1,Breakfast,494.0
2023-08-28,RevenueCenter_1,Dinner,2050.0
2023-08-28,RevenueCenter_1,Lunch,1177.0
2023-08-29,RevenueCenter_1,Breakfast,570.0
2023-08-29,RevenueCenter_1,Dinner,1908.0
2023-08-29,RevenueCenter_1,Lunch,201.0
2023-08-30,RevenueCenter_1,Breakfast,544.0
2023-08-30,RevenueCenter_1,Dinner,1390.0
2023-08-30,RevenueCenter_1,Lunch,90.0
2023-08-31,RevenueCenter_1,Breakfast,470.0
2023-08-31,RevenueCenter_1,Dinner,3875.0
2023-08-31,RevenueCenter_1,Lunch,856.0
2023-09-01,RevenueCenter_1,Breakfast,552.0
2023-09-01,RevenueCenter_1,Dinner,2913.0
2023-09-01,RevenueCenter_1,Lunch,240.0
2023-09-02,RevenueCenter_1,Breakfast,1027.0
2023-09-02,RevenueCenter_1,Dinner,3785.0
2023-09-02,RevenueCenter_1,Lunch,1377.0
2023-09-03,RevenueCenter_1,Breakfast,569.0
2023-09-03,RevenueCenter_1,Dinner,2608.0
2023-09-03,RevenueCenter_1,Lunch,205.0
2023-09-04,RevenueCenter_1,Breakfast,364.0
2023-09-04,RevenueCenter_1,Dinner,1952.0
2023-09-04,RevenueCenter_1,Lunch,360.0
2023-09-05,RevenueCenter_1,Breakfast,219.0
2023-09-05,RevenueCenter_1,Dinner,1894.5
2023-09-05,RevenueCenter_1,Lunch,122.0
2023-09-06,RevenueCenter_1,Breakfast,484.0
2023-09-06,RevenueCenter_1,Dinner,1672.0
2023-09-06,RevenueCenter_1,Lunch,180.0
2023-09-07,RevenueCenter_1,Breakfast,502.0
2023-09-07,RevenueCenter_1,Dinner,2783.0
2023-09-07,RevenueCenter_1,Lunch,355.0
2023-09-08,RevenueCenter_1,Breakfast,917.0
2023-09-08,RevenueCenter_1,Dinner,3014.5
2023-09-08,RevenueCenter_1,Lunch,495.0
2023-09-09,RevenueCenter_1,Breakfast,527.0
2023-09-09,RevenueCenter_1,Dinner,1668.0
2023-09-09,RevenueCenter_1,Lunch,267.0
2023-09-10,RevenueCenter_1,Breakfast,724.0
2023-09-10,RevenueCenter_1,Dinner,2819.0
2023-09-10,RevenueCenter_1,Lunch,445.0
2023-09-11,RevenueCenter_1,Breakfast,1720.5
2023-09-11,RevenueCenter_1,Dinner,2908.5
2023-09-11,RevenueCenter_1,Lunch,222.0
2023-09-12,RevenueCenter_1,Breakfast,1088.5
2023-09-12,RevenueCenter_1,Dinner,948.0
2023-09-12,RevenueCenter_1,Lunch,1151.0
2023-09-13,RevenueCenter_1,Breakfast,96.0
2023-09-13,RevenueCenter_1,Dinner,1775.9
2023-09-13,RevenueCenter_1,Lunch,344.0
2023-09-14,RevenueCenter_1,Breakfast,807.6
2023-09-14,RevenueCenter_1,Dinner,2986.0
2023-09-14,RevenueCenter_1,Lunch,785.0
2023-09-15,RevenueCenter_1,Breakfast,862.0
2023-09-15,RevenueCenter_1,Dinner,1240.0
2023-09-15,RevenueCenter_1,Lunch,936.0
2023-09-16,RevenueCenter_1,Breakfast,997.0
2023-09-16,RevenueCenter_1,Dinner,2307.0
2023-09-16,RevenueCenter_1,Lunch,534.0
2023-09-17,RevenueCenter_1,Breakfast,633.5
2023-09-17,RevenueCenter_1,Dinner,1788.0
2023-09-17,RevenueCenter_1,Lunch,524.0
2023-09-18,RevenueCenter_1,Breakfast,1110.0
2023-09-18,RevenueCenter_1,Dinner,2805.9
2023-09-18,RevenueCenter_1,Lunch,1120.0
2023-09-19,RevenueCenter_1,Breakfast,345.0
2023-09-19,RevenueCenter_1,Dinner,1570.0
2023-09-19,RevenueCenter_1,Lunch,975.9
2023-09-20,RevenueCenter_1,Breakfast,1576.0
2023-09-20,RevenueCenter_1,Dinner,2781.9
2023-09-20,RevenueCenter_1,Lunch,567.5
2023-09-21,RevenueCenter_1,Breakfast,168.0
2023-09-21,RevenueCenter_1,Dinner,3112.6
2023-09-21,RevenueCenter_1,Lunch,843.0
2023-09-22,RevenueCenter_1,Breakfast,640.9
2023-09-22,RevenueCenter_1,Dinner,1398.5
2023-09-22,RevenueCenter_1,Lunch,671.0
2023-09-23,RevenueCenter_1,Breakfast,2310.46
2023-09-23,RevenueCenter_1,Dinner,890.9
2023-09-23,RevenueCenter_1,Lunch,1665.0
2023-09-24,RevenueCenter_1,Breakfast,1256.0
2023-09-24,RevenueCenter_1,Dinner,1484.0
2023-09-24,RevenueCenter_1,Lunch,153.0
2023-09-25,RevenueCenter_1,Breakfast,1923.4
2023-09-25,RevenueCenter_1,Dinner,3757.0
2023-09-25,RevenueCenter_1,Lunch,584.6466666666668
2023-09-26,RevenueCenter_1,Breakfast,132.0
2023-09-26,RevenueCenter_1,Dinner,719.5
2023-09-26,RevenueCenter_1,Lunch,713.0
2023-09-27,RevenueCenter_1,Breakfast,260.0
2023-09-27,RevenueCenter_1,Dinner,1503.0
2023-09-27,RevenueCenter_1,Lunch,205.0
2023-09-28,RevenueCenter_1,Breakfast,1227.4
2023-09-28,RevenueCenter_1,Dinner,1227.5
2023-09-28,RevenueCenter_1,Lunch,411.0
2023-09-29,RevenueCenter_1,Breakfast,506.0
2023-09-29,RevenueCenter_1,Dinner,1474.0
2023-09-29,RevenueCenter_1,Lunch,765.0
2023-09-30,RevenueCenter_1,Breakfast,1058.0
2023-09-30,RevenueCenter_1,Dinner,1175.0
2023-09-30,RevenueCenter_1,Lunch,1747.0
2023-10-01,RevenueCenter_1,Breakfast,2143.0
2023-10-01,RevenueCenter_1,Dinner,1476.0
2023-10-01,RevenueCenter_1,Lunch,142.0
2023-10-02,RevenueCenter_1,Breakfast,125.0
2023-10-02,RevenueCenter_1,Dinner,1467.5
2023-10-02,RevenueCenter_1,Lunch,118.0
2023-10-03,RevenueCenter_1,Breakfast,263.0
2023-10-03,RevenueCenter_1,Dinner,1213.0
2023-10-03,RevenueCenter_1,Lunch,220.0
2023-10-04,RevenueCenter_1,Breakfast,258.0
2023-10-04,RevenueCenter_1,Dinner,1341.5
2023-10-04,RevenueCenter_1,Lunch,613.0
2023-10-05,RevenueCenter_1,Breakfast,472.0
2023-10-05,RevenueCenter_1,Dinner,1091.0
2023-10-05,RevenueCenter_1,Lunch,180.0
2023-10-06,RevenueCenter_1,Breakfast,420.0
2023-10-06,RevenueCenter_1,Dinner,687.5
2023-10-06,RevenueCenter_1,Lunch,254.0
2023-10-07,RevenueCenter_1,Breakfast,238.0
2023-10-07,RevenueCenter_1,Dinner,1768.5
2023-10-07,RevenueCenter_1,Lunch,247.0
2023-10-08,RevenueCenter_1,Breakfast,505.0
2023-10-08,RevenueCenter_1,Dinner,1441.8
2023-10-08,RevenueCenter_1,Lunch,337.0
2023-10-09,RevenueCenter_1,Breakfast,257.8
2023-10-09,RevenueCenter_1,Dinner,1926.0
2023-10-09,RevenueCenter_1,Lunch,651.0
2023-10-10,RevenueCenter_1,Breakfast,168.0
2023-10-10,RevenueCenter_1,Dinner,2178.0
2023-10-10,RevenueCenter_1,Lunch,546.0
2023-10-11,RevenueCenter_1,Breakfast,204.9
2023-10-11,RevenueCenter_1,Dinner,1070.2
2023-10-11,RevenueCenter_1,Lunch,450.0
2023-10-12,RevenueCenter_1,Breakfast,668.0
2023-10-12,RevenueCenter_1,Dinner,2031.0
2023-10-12,RevenueCenter_1,Lunch,214.0
2023-10-13,RevenueCenter_1,Breakfast,511.4
2023-10-13,RevenueCenter_1,Dinner,2852.5
2023-10-13,RevenueCenter_1,Lunch,136.0
2023-10-14,RevenueCenter_1,Breakfast,748.3
2023-10-14,RevenueCenter_1,Dinner,2634.0
2023-10-14,RevenueCenter_1,Lunch,653.5
2023-10-15,RevenueCenter_1,Breakfast,1317.3
2023-10-15,RevenueCenter_1,Dinner,3306.0
2023-10-15,RevenueCenter_1,Lunch,902.5
2023-10-16,RevenueCenter_1,Breakfast,365.3
2023-10-16,RevenueCenter_1,Dinner,4197.0
2023-10-16,RevenueCenter_1,Lunch,626.4
2023-10-17,RevenueCenter_1,Breakfast,328.0
2023-10-17,RevenueCenter_1,Dinner,3593.5
2023-10-17,RevenueCenter_1,Lunch,461.0
2023-10-18,RevenueCenter_1,Breakfast,809.0
2023-10-18,RevenueCenter_1,Dinner,3508.0
2023-10-18,RevenueCenter_1,Lunch,1001.0
2023-10-19,RevenueCenter_1,Breakfast,734.0
2023-10-19,RevenueCenter_1,Dinner,4063.0
2023-10-19,RevenueCenter_1,Lunch,467.0
2023-10-20,RevenueCenter_1,Breakfast,411.0
2023-10-20,RevenueCenter_1,Dinner,1510.0
2023-10-20,RevenueCenter_1,Lunch,951.0
2023-10-21,RevenueCenter_1,Breakfast,1157.0
2023-10-21,RevenueCenter_1,Dinner,2285.0
2023-10-21,RevenueCenter_1,Lunch,748.0
2023-10-22,RevenueCenter_1,Breakfast,405.0
2023-10-22,RevenueCenter_1,Dinner,1755.0
2023-10-22,RevenueCenter_1,Lunch,280.0
2023-10-23,RevenueCenter_1,Breakfast,255.0
2023-10-23,RevenueCenter_1,Dinner,1876.0
2023-10-23,RevenueCenter_1,Lunch,730.0
2023-10-24,RevenueCenter_1,Breakfast,592.0
2023-10-24,RevenueCenter_1,Dinner,1598.0
2023-10-24,RevenueCenter_1,Lunch,125.0
2023-10-25,RevenueCenter_1,Breakfast,242.0
2023-10-25,RevenueCenter_1,Dinner,2569.0
2023-10-25,RevenueCenter_1,Lunch,502.0
2023-10-26,RevenueCenter_1,Breakfast,20.0
2023-10-26,RevenueCenter_1,Dinner,1627.0
2023-10-26,RevenueCenter_1,Lunch,750.0
2023-10-27,RevenueCenter_1,Breakfast,575.0
2023-10-27,RevenueCenter_1,Dinner,2414.0
2023-10-27,RevenueCenter_1,Lunch,396.0
2023-10-28,RevenueCenter_1,Breakfast,454.0
2023-10-28,RevenueCenter_1,Dinner,1167.0
2023-10-28,RevenueCenter_1,Lunch,135.0
2023-10-29,RevenueCenter_1,Breakfast,500.0
2023-10-29,RevenueCenter_1,Dinner,2407.0
2023-10-29,RevenueCenter_1,Lunch,188.0
2023-10-30,RevenueCenter_1,Breakfast,296.0
2023-10-30,RevenueCenter_1,Dinner,2161.0
2023-10-30,RevenueCenter_1,Lunch,40.0
2023-10-31,RevenueCenter_1,Breakfast,377.5
2023-10-31,RevenueCenter_1,Dinner,1234.0
2023-10-31,RevenueCenter_1,Lunch,160.0
2023-11-01,RevenueCenter_1,Breakfast,274.0
2023-11-01,RevenueCenter_1,Dinner,1850.0
2023-11-01,RevenueCenter_1,Lunch,2941.0
2023-11-02,RevenueCenter_1,Breakfast,678.0
2023-11-02,RevenueCenter_1,Dinner,4335.0
2023-11-02,RevenueCenter_1,Lunch,383.0
2023-11-03,RevenueCenter_1,Breakfast,987.0
2023-11-03,RevenueCenter_1,Dinner,1040.0
2023-11-03,RevenueCenter_1,Lunch,678.0
2023-11-04,RevenueCenter_1,Breakfast,614.0
2023-11-04,RevenueCenter_1,Dinner,1655.5
2023-11-04,RevenueCenter_1,Lunch,462.0
2023-11-05,RevenueCenter_1,Breakfast,244.0
2023-11-05,RevenueCenter_1,Dinner,1434.0
2023-11-05,RevenueCenter_1,Lunch,844.0
2023-11-06,RevenueCenter_1,Breakfast,365.0
2023-11-06,RevenueCenter_1,Dinner,915.5
2023-11-06,RevenueCenter_1,Lunch,125.0
2023-11-07,RevenueCenter_1,Breakfast,199.0
2023-11-07,RevenueCenter_1,Dinner,1910.0
2023-11-07,RevenueCenter_1,Lunch,563.0
2023-11-08,RevenueCenter_1,Breakfast,950.0
2023-11-08,RevenueCenter_1,Dinner,1918.0
2023-11-08,RevenueCenter_1,Lunch,736.0
2023-11-09,RevenueCenter_1,Breakfast,531.5
2023-11-09,RevenueCenter_1,Dinner,3656.0
2023-11-09,RevenueCenter_1,Lunch,421.0
2023-11-10,RevenueCenter_1,Breakfast,1415.0
2023-11-10,RevenueCenter_1,Dinner,2284.0
2023-11-10,RevenueCenter_1,Lunch,1305.0
2023-11-11,RevenueCenter_1,Breakfast,1073.0
2023-11-11,RevenueCenter_1,Dinner,2050.0
2023-11-11,RevenueCenter_1,Lunch,1563.0
2023-11-12,RevenueCenter_1,Breakfast,1921.0
2023-11-12,RevenueCenter_1,Dinner,1607.0
2023-11-12,RevenueCenter_1,Lunch,1029.0
2023-11-13,RevenueCenter_1,Breakfast,130.0
2023-11-13,RevenueCenter_1,Dinner,2015.0
2023-11-13,RevenueCenter_1,Lunch,670.0
2023-11-14,RevenueCenter_1,Breakfast,492.0
2023-11-14,RevenueCenter_1,Dinner,917.0
2023-11-14,RevenueCenter_1,Lunch,733.0
2023-11-15,RevenueCenter_1,Breakfast,932.0
2023-11-15,RevenueCenter_1,Dinner,4108.0
2023-11-15,RevenueCenter_1,Lunch,945.5
2023-11-16,RevenueCenter_1,Breakfast,354.0
2023-11-16,RevenueCenter_1,Dinner,2538.0
2023-11-16,RevenueCenter_1,Lunch,360.0
2023-11-17,RevenueCenter_1,Breakfast,908.0
2023-11-17,RevenueCenter_1,Dinner,1740.0
2023-11-17,RevenueCenter_1,Lunch,631.5
2023-11-18,RevenueCenter_1,Breakfast,1059.0
2023-11-18,RevenueCenter_1,Dinner,1380.0
2023-11-18,RevenueCenter_1,Lunch,291.0
2023-11-19,RevenueCenter_1,Breakfast,1110.0
2023-11-19,RevenueCenter_1,Dinner,3049.0
2023-11-19,RevenueCenter_1,Lunch,977.0
2023-11-20,RevenueCenter_1,Breakfast,577.0
2023-11-20,RevenueCenter_1,Dinner,2243.0
2023-11-20,RevenueCenter_1,Lunch,631.0
2023-11-21,RevenueCenter_1,Breakfast,864.5
2023-11-21,RevenueCenter_1,Dinner,2720.0
2023-11-21,RevenueCenter_1,Lunch,601.5
2023-11-22,RevenueCenter_1,Breakfast,665.0
2023-11-22,RevenueCenter_1,Dinner,1440.5
2023-11-22,RevenueCenter_1,Lunch,405.0
2023-11-23,RevenueCenter_1,Breakfast,850.0
2023-11-23,RevenueCenter_1,Dinner,2026.75
2023-11-23,RevenueCenter_1,Lunch,255.0
2023-11-24,RevenueCenter_1,Breakfast,594.0
2023-11-24,RevenueCenter_1,Dinner,2692.0
2023-11-24,RevenueCenter_1,Lunch,328.0
2023-11-25,RevenueCenter_1,Breakfast,448.0
2023-11-25,RevenueCenter_1,Dinner,6070.0
2023-11-25,RevenueCenter_1,Lunch,1040.0
2023-11-26,RevenueCenter_1,Breakfast,1057.0
2023-11-26,RevenueCenter_1,Dinner,2244.0
2023-11-26,RevenueCenter_1,Lunch,472.0
2023-11-27,RevenueCenter_1,Breakfast,272.0
2023-11-27,RevenueCenter_1,Dinner,1958.0
2023-11-27,RevenueCenter_1,Lunch,370.0
2023-11-28,RevenueCenter_1,Breakfast,240.0
2023-11-28,RevenueCenter_1,Dinner,2825.5
2023-11-28,RevenueCenter_1,Lunch,686.0
2023-11-29,RevenueCenter_1,Breakfast,1420.0
2023-11-29,RevenueCenter_1,Dinner,3159.0
2023-11-29,RevenueCenter_1,Lunch,110.0
2023-11-30,RevenueCenter_1,Breakfast,1795.0
2023-11-30,RevenueCenter_1,Dinner,3083.0
2023-11-30,RevenueCenter_1,Lunch,1058.0
2023-12-01,RevenueCenter_1,Breakfast,1437.0
2023-12-01,RevenueCenter_1,Dinner,2343.0
2023-12-01,RevenueCenter_1,Lunch,503.0
2023-12-02,RevenueCenter_1,Breakfast,2189.0
2023-12-02,RevenueCenter_1,Dinner,1202.0
2023-12-02,RevenueCenter_1,Lunch,349.0
2023-12-03,RevenueCenter_1,Breakfast,110.0
2023-12-03,RevenueCenter_1,Dinner,2133.5
2023-12-03,RevenueCenter_1,Lunch,665.0
2023-12-04,RevenueCenter_1,Breakfast,375.0
2023-12-04,RevenueCenter_1,Dinner,3426.0
2023-12-04,RevenueCenter_1,Lunch,635.25
2023-12-05,RevenueCenter_1,Breakfast,128.0
2023-12-05,RevenueCenter_1,Dinner,2831.0
2023-12-05,RevenueCenter_1,Lunch,827.0
2023-12-06,RevenueCenter_1,Breakfast,1393.0
2023-12-06,RevenueCenter_1,Dinner,2824.5
2023-12-06,RevenueCenter_1,Lunch,129.0
2023-12-07,RevenueCenter_1,Breakfast,191.0
2023-12-07,RevenueCenter_1,Dinner,3493.0
2023-12-07,RevenueCenter_1,Lunch,1661.0
2023-12-08,RevenueCenter_1,Breakfast,521.0
2023-12-08,RevenueCenter_1,Dinner,2577.0
2023-12-08,RevenueCenter_1,Lunch,314.0
2023-12-09,RevenueCenter_1,Breakfast,785.0
2023-12-09,RevenueCenter_1,Dinner,2050.0
2023-12-09,RevenueCenter_1,Lunch,25.0
2023-12-10,RevenueCenter_1,Breakfast,1837.0
2023-12-10,RevenueCenter_1,Dinner,2298.0
2023-12-10,RevenueCenter_1,Lunch,336.0
2023-12-11,RevenueCenter_1,Breakfast,443.0
2023-12-11,RevenueCenter_1,Dinner,3176.0
2023-12-11,RevenueCenter_1,Lunch,518.5
2023-12-12,RevenueCenter_1,Breakfast,347.5
2023-12-12,RevenueCenter_1,Dinner,2001.0
2023-12-12,RevenueCenter_1,Lunch,400.0
2023-12-13,RevenueCenter_1,Breakfast,519.0
2023-12-13,RevenueCenter_1,Dinner,1735.0
2023-12-13,RevenueCenter_1,Lunch,410.0
2023-12-14,RevenueCenter_1,Breakfast,563.0
2023-12-14,RevenueCenter_1,Dinner,1864.0
2023-12-14,RevenueCenter_1,Lunch,755.0
2023-12-15,RevenueCenter_1,Breakfast,211.0
2023-12-15,RevenueCenter_1,Dinner,1205.5
2023-12-15,RevenueCenter_1,Lunch,185.0
2023-12-16,RevenueCenter_1,Breakfast,340.0
2023-12-16,RevenueCenter_1,Dinner,2187.0
2023-12-16,RevenueCenter_1,Lunch,541.2416666666667
2023-12-17,RevenueCenter_1,Breakfast,582.0
2023-12-17,RevenueCenter_1,Dinner,1637.0
2023-12-17,RevenueCenter_1,Lunch,330.0
2023-12-18,RevenueCenter_1,Breakfast,469.0
2023-12-18,RevenueCenter_1,Dinner,1382.0
2023-12-18,RevenueCenter_1,Lunch,161.0
2023-12-19,RevenueCenter_1,Breakfast,123.0
2023-12-19,RevenueCenter_1,Dinner,871.0
2023-12-19,RevenueCenter_1,Lunch,677.5
2023-12-20,RevenueCenter_1,Breakfast,1468.9
2023-12-20,RevenueCenter_1,Dinner,1438.0
2023-12-20,RevenueCenter_1,Lunch,165.5
2023-12-21,RevenueCenter_1,Breakfast,548.9
2023-12-21,RevenueCenter_1,Dinner,2418.0
2023-12-21,RevenueCenter_1,Lunch,350.0
2023-12-22,RevenueCenter_1,Breakfast,469.75
2023-12-22,RevenueCenter_1,Dinner,1054.0
2023-12-22,RevenueCenter_1,Lunch,163.0
2023-12-23,RevenueCenter_1,Breakfast,736.0
2023-12-23,RevenueCenter_1,Dinner,2983.0
2023-12-23,RevenueCenter_1,Lunch,284.0
2023-12-24,RevenueCenter_1,Breakfast,2007.0
2023-12-24,RevenueCenter_1,Dinner,1835.0
2023-12-24,RevenueCenter_1,Lunch,178.0
2023-12-25,RevenueCenter_1,Breakfast,1147.0
2023-12-25,RevenueCenter_1,Dinner,1680.0
2023-12-25,RevenueCenter_1,Lunch,379.5
2023-12-26,RevenueCenter_1,Breakfast,1334.0
2023-12-26,RevenueCenter_1,Dinner,3051.0
2023-12-26,RevenueCenter_1,Lunch,1213.0
2023-12-27,RevenueCenter_1,Breakfast,1556.0
2023-12-27,RevenueCenter_1,Dinner,3009.0
2023-12-27,RevenueCenter_1,Lunch,559.0
2023-12-28,RevenueCenter_1,Breakfast,2099.0
2023-12-28,RevenueCenter_1,Dinner,3986.0
2023-12-28,RevenueCenter_1,Lunch,329.0
2023-12-29,RevenueCenter_1,Breakfast,950.0
2023-12-29,RevenueCenter_1,Dinner,2997.0
2023-12-29,RevenueCenter_1,Lunch,965.5
2023-12-30,RevenueCenter_1,Breakfast,1253.0
2023-12-30,RevenueCenter_1,Dinner,4894.0
2023-12-30,RevenueCenter_1,Lunch,2769.5
2023-12-31,RevenueCenter_1,Breakfast,1337.0
2023-12-31,RevenueCenter_1,Dinner,2321.0
2023-12-31,RevenueCenter_1,Lunch,853.0
2024-01-01,RevenueCenter_1,Breakfast,1374.0
2024-01-01,RevenueCenter_1,Dinner,8137.8
2024-01-01,RevenueCenter_1,Lunch,952.0
2024-01-02,RevenueCenter_1,Breakfast,817.8
2024-01-02,RevenueCenter_1,Dinner,8881.0
2024-01-02,RevenueCenter_1,Lunch,1561.0
2024-01-03,RevenueCenter_1,Breakfast,1533.0516666666667
2024-01-03,RevenueCenter_1,Dinner,10052.5
2024-01-03,RevenueCenter_1,Lunch,4504.0
2024-01-04,RevenueCenter_1,Breakfast,6179.8
2024-01-04,RevenueCenter_1,Dinner,5715.0
2024-01-04,RevenueCenter_1,Lunch,1248.0
2024-01-05,RevenueCenter_1,Breakfast,3023.8
2024-01-05,RevenueCenter_1,Dinner,6806.0
2024-01-05,RevenueCenter_1,Lunch,4208.0
2024-01-06,RevenueCenter_1,Breakfast,560.0
2024-01-06,RevenueCenter_1,Dinner,3786.0
2024-01-06,RevenueCenter_1,Lunch,897.0
2024-01-07,RevenueCenter_1,Breakfast,1309.8
2024-01-07,RevenueCenter_1,Dinner,6300.0
2024-01-07,RevenueCenter_1,Lunch,2075.0
2024-01-08,RevenueCenter_1,Breakfast,1890.0
2024-01-08,RevenueCenter_1,Dinner,2880.0
2024-01-08,RevenueCenter_1,Lunch,1311.0
2024-01-09,RevenueCenter_1,Breakfast,1910.0
2024-01-09,RevenueCenter_1,Dinner,4840.8
2024-01-09,RevenueCenter_1,Lunch,1014.0
2024-01-10,RevenueCenter_1,Breakfast,1472.0
2024-01-10,RevenueCenter_1,Dinner,3736.0
2024-01-10,RevenueCenter_1,Lunch,1818.0
2024-01-11,RevenueCenter_1,Breakfast,565.8
2024-01-11,RevenueCenter_1,Dinner,3383.0
2024-01-11,RevenueCenter_1,Lunch,310.0
2024-01-12,RevenueCenter_1,Breakfast,2750.8
2024-01-12,RevenueCenter_1,Dinner,4668.0
2024-01-12,RevenueCenter_1,Lunch,1672.0
2024-01-13,RevenueCenter_1,Breakfast,1696.0
2024-01-13,RevenueCenter_1,Dinner,7346.0
2024-01-13,RevenueCenter_1,Lunch,650.0
2024-01-14,RevenueCenter_1,Breakfast,982.8
2024-01-14,RevenueCenter_1,Dinner,6172.0
2024-01-14,RevenueCenter_1,Lunch,980.0
2024-01-15,RevenueCenter_1,Breakfast,3110.0
2024-01-15,RevenueCenter_1,Dinner,6786.0
2024-01-15,RevenueCenter_1,Lunch,718.0
2024-01-16,RevenueCenter_1,Breakfast,1942.6
2024-01-16,RevenueCenter_1,Dinner,4328.0
2024-01-16,RevenueCenter_1,Lunch,740.0
2024-01-17,RevenueCenter_1,Breakfast,1376.8
2024-01-17,RevenueCenter_1,Dinner,3958.0
2024-01-17,RevenueCenter_1,Lunch,754.0
2024-01-18,RevenueCenter_1,Breakfast,3904.0
2024-01-18,RevenueCenter_1,Dinner,5593.0
2024-01-18,RevenueCenter_1,Lunch,1572.0
2024-01-19,RevenueCenter_1,Breakfast,3618.6
2024-01-19,RevenueCenter_1,Dinner,6288.0
2024-01-19,RevenueCenter_1,Lunch,1340.0
2024-01-20,RevenueCenter_1,Breakfast,2518.0
2024-01-20,RevenueCenter_1,Dinner,5560.0
2024-01-20,RevenueCenter_1,Lunch,1145.0
2024-01-21,RevenueCenter_1,Breakfast,8210.8
2024-01-21,RevenueCenter_1,Dinner,3454.0
2024-01-21,RevenueCenter_1,Lunch,560.0
2024-01-22,RevenueCenter_1,Breakfast,1492.0
2024-01-22,RevenueCenter_1,Dinner,4199.0
2024-01-22,RevenueCenter_1,Lunch,560.0
2024-01-23,RevenueCenter_1,Breakfast,1062.0
2024-01-23,RevenueCenter_1,Dinner,7168.0
2024-01-23,RevenueCenter_1,Lunch,864.0
2024-01-24,RevenueCenter_1,Breakfast,1148.0
2024-01-24,RevenueCenter_1,Dinner,3490.0
2024-01-24,RevenueCenter_1,Lunch,1212.0
2024-01-25,RevenueCenter_1,Breakfast,914.0
2024-01-25,RevenueCenter_1,Dinner,7116.0
2024-01-25,RevenueCenter_1,Lunch,2202.0
2024-01-26,RevenueCenter_1,Breakfast,2466.0
2024-01-26,RevenueCenter_1,Dinner,6548.0
2024-01-26,RevenueCenter_1,Lunch,2912.0
2024-01-27,RevenueCenter_1,Breakfast,2586.8
2024-01-27,RevenueCenter_1,Dinner,4300.0
2024-01-27,RevenueCenter_1,Lunch,2686.0
2024-01-28,RevenueCenter_1,Breakfast,1639.6
2024-01-28,RevenueCenter_1,Dinner,6378.0
2024-01-28,RevenueCenter_1,Lunch,2600.0
2024-01-29,RevenueCenter_1,Breakfast,2079.6
2024-01-29,RevenueCenter_1,Dinner,6710.0
2024-01-29,RevenueCenter_1,Lunch,2188.0
2024-01-30,RevenueCenter_1,Breakfast,1232.0
2024-01-30,RevenueCenter_1,Dinner,4523.0
2024-01-30,RevenueCenter_1,Lunch,2206.0
2024-01-31,RevenueCenter_1,Breakfast,1390.0
2024-01-31,RevenueCenter_1,Dinner,3990.0
2024-01-31,RevenueCenter_1,Lunch,1710.0
2024-02-01,RevenueCenter_1,Breakfast,1426.0
2024-02-01,RevenueCenter_1,Dinner,5762.0
2024-02-01,RevenueCenter_1,Lunch,682.0
2024-02-02,RevenueCenter_1,Breakfast,2318.0
2024-02-02,RevenueCenter_1,Dinner,3146.0
2024-02-02,RevenueCenter_1,Lunch,1195.0
2024-02-03,RevenueCenter_1,Breakfast,3036.0
2024-02-03,RevenueCenter_1,Dinner,6758.0
2024-02-03,RevenueCenter_1,Lunch,1575.0
2024-02-04,RevenueCenter_1,Breakfast,3078.0
2024-02-04,RevenueCenter_1,Dinner,3494.0
2024-02-04,RevenueCenter_1,Lunch,3706.0
2024-02-05,RevenueCenter_1,Breakfast,3010.0
2024-02-05,RevenueCenter_1,Dinner,4164.0
2024-02-05,RevenueCenter_1,Lunch,1262.0
2024-02-06,RevenueCenter_1,Breakfast,1474.0
2024-02-06,RevenueCenter_1,Dinner,5271.0
2024-02-06,RevenueCenter_1,Lunch,1912.0
2024-02-07,RevenueCenter_1,Breakfast,2194.0
2024-02-07,RevenueCenter_1,Dinner,3118.0
2024-02-07,RevenueCenter_1,Lunch,244.0
2024-02-08,RevenueCenter_1,Breakfast,1868.0
2024-02-08,RevenueCenter_1,Dinner,3542.0
2024-02-08,RevenueCenter_1,Lunch,2340.0
2024-02-09,RevenueCenter_1,Breakfast,3392.0
2024-02-09,RevenueCenter_1,Dinner,3116.0
2024-02-09,RevenueCenter_1,Lunch,804.0
2024-02-10,RevenueCenter_1,Breakfast,2734.8
2024-02-10,RevenueCenter_1,Dinner,4285.0
2024-02-10,RevenueCenter_1,Lunch,2752.0
2024-02-11,RevenueCenter_1,Breakfast,3592.0
2024-02-11,RevenueCenter_1,Dinner,7394.0
2024-02-11,RevenueCenter_1,Lunch,2220.0
2024-02-12,RevenueCenter_1,Breakfast,3136.0
2024-02-12,RevenueCenter_1,Dinner,6475.0
2024-02-12,RevenueCenter_1,Lunch,2950.0
2024-02-13,RevenueCenter_1,Breakfast,2788.0
2024-02-13,RevenueCenter_1,Dinner,5889.8
2024-02-13,RevenueCenter_1,Lunch,1886.0
2024-02-14,RevenueCenter_1,Breakfast,2528.0
2024-02-14,RevenueCenter_1,Dinner,5656.0
2024-02-14,RevenueCenter_1,Lunch,1694.0
2024-02-15,RevenueCenter_1,Breakfast,2432.0
2024-02-15,RevenueCenter_1,Dinner,5850.5
2024-02-15,RevenueCenter_1,Lunch,2900.0
2024-02-16,RevenueCenter_1,Breakfast,2570.8
2024-02-16,RevenueCenter_1,Dinner,4071.0
2024-02-16,RevenueCenter_1,Lunch,178.5
2024-02-17,RevenueCenter_1,Breakfast,2750.0
2024-02-17,RevenueCenter_1,Dinner,6324.0
2024-02-17,RevenueCenter_1,Lunch,2108.0
2024-02-18,RevenueCenter_1,Breakfast,1366.0
2024-02-18,RevenueCenter_1,Dinner,5958.0
2024-02-18,RevenueCenter_1,Lunch,544.0
2024-02-19,RevenueCenter_1,Breakfast,2076.0
2024-02-19,RevenueCenter_1,Dinner,2814.0
2024-02-19,RevenueCenter_1,Lunch,1514.0
2024-02-20,RevenueCenter_1,Breakfast,1826.0
2024-02-20,RevenueCenter_1,Dinner,3894.0
2024-02-20,RevenueCenter_1,Lunch,80.0
2024-02-21,RevenueCenter_1,Breakfast,2060.0
2024-02-21,RevenueCenter_1,Dinner,2820.0
2024-02-21,RevenueCenter_1,Lunch,584.0
2024-02-22,RevenueCenter_1,Breakfast,3184.0
2024-02-22,RevenueCenter_1,Dinner,3876.0
2024-02-22,RevenueCenter_1,Lunch,3398.0
2024-02-23,RevenueCenter_1,Breakfast,834.0
2024-02-23,RevenueCenter_1,Dinner,7380.0
2024-02-23,RevenueCenter_1,Lunch,1757.5
2024-02-24,RevenueCenter_1,Breakfast,4318.0
2024-02-24,RevenueCenter_1,Dinner,3912.0
2024-02-24,RevenueCenter_1,Lunch,1220.0
2024-02-25,RevenueCenter_1,Breakfast,1754.0
2024-02-25,RevenueCenter_1,Dinner,6188.0
2024-02-25,RevenueCenter_1,Lunch,1724.0
2024-02-26,RevenueCenter_1,Breakfast,3608.0
2024-02-26,RevenueCenter_1,Dinner,6684.0
2024-02-26,RevenueCenter_1,Lunch,728.0
2024-02-27,RevenueCenter_1,Breakfast,3282.8
2024-02-27,RevenueCenter_1,Dinner,4570.0
2024-02-27,RevenueCenter_1,Lunch,3801.8
2024-02-28,RevenueCenter_1,Breakfast,781.0
2024-02-28,RevenueCenter_1,Dinner,3925.0
2024-02-28,RevenueCenter_1,Lunch,2582.0
2024-02-29,RevenueCenter_1,Breakfast,1036.0
2024-02-29,RevenueCenter_1,Dinner,6725.0
2024-02-29,RevenueCenter_1,Lunch,220.0
2024-03-01,RevenueCenter_1,Breakfast,2372.0
2024-03-01,RevenueCenter_1,Dinner,6476.0
2024-03-01,RevenueCenter_1,Lunch,1767.0
2024-03-02,RevenueCenter_1,Breakfast,1944.0
2024-03-02,RevenueCenter_1,Dinner,9657.0
2024-03-02,RevenueCenter_1,Lunch,3482.0
2024-03-03,RevenueCenter_1,Breakfast,7984.0
2024-03-03,RevenueCenter_1,Dinner,5489.0
2024-03-03,RevenueCenter_1,Lunch,3586.0
2024-03-04,RevenueCenter_1,Breakfast,1274.0
2024-03-04,RevenueCenter_1,Dinner,6845.2
2024-03-04,RevenueCenter_1,Lunch,1164.0
2024-03-05,RevenueCenter_1,Breakfast,1639.8
2024-03-05,RevenueCenter_1,Dinner,5979.0
2024-03-05,RevenueCenter_1,Lunch,1768.0
2024-03-06,RevenueCenter_1,Breakfast,3105.8
2024-03-06,RevenueCenter_1,Dinner,4192.0
2024-03-06,RevenueCenter_1,Lunch,1235.0
2024-03-07,RevenueCenter_1,Breakfast,1212.0
2024-03-07,RevenueCenter_1,Dinner,4734.0
2024-03-07,RevenueCenter_1,Lunch,1050.0
2024-03-08,RevenueCenter_1,Breakfast,1842.0
2024-03-08,RevenueCenter_1,Dinner,1928.0
2024-03-08,RevenueCenter_1,Lunch,750.0
2024-03-09,RevenueCenter_1,Breakfast,3132.0
2024-03-09,RevenueCenter_1,Dinner,4824.0
2024-03-09,RevenueCenter_1,Lunch,472.0
2024-03-10,RevenueCenter_1,Breakfast,713.8
2024-03-10,RevenueCenter_1,Dinner,3636.0
2024-03-10,RevenueCenter_1,Lunch,80.0
2024-03-11,RevenueCenter_1,Breakfast,426.0
2024-03-11,RevenueCenter_1,Dinner,3670.0
2024-03-11,RevenueCenter_1,Lunch,890.0
2024-03-12,RevenueCenter_1,Breakfast,1604.0
2024-03-12,RevenueCenter_1,Dinner,2743.0
2024-03-12,RevenueCenter_1,Lunch,1600.0
2024-03-13,RevenueCenter_1,Breakfast,752.8
2024-03-13,RevenueCenter_1,Dinner,1728.0
2024-03-13,RevenueCenter_1,Lunch,420.0
2024-03-14,RevenueCenter_1,Breakfast,854.0
2024-03-14,RevenueCenter_1,Dinner,2696.0
2024-03-14,RevenueCenter_1,Lunch,670.0
2024-03-15,RevenueCenter_1,Breakfast,1060.0
2024-03-15,RevenueCenter_1,Dinner,3346.0
2024-03-15,RevenueCenter_1,Lunch,610.0
2024-03-16,RevenueCenter_1,Breakfast,1599.0
2024-03-16,RevenueCenter_1,Dinner,3208.0
2024-03-16,RevenueCenter_1,Lunch,540.0
2024-03-17,RevenueCenter_1,Breakfast,718.0
2024-03-17,RevenueCenter_1,Dinner,880.0
2024-03-17,RevenueCenter_1,Lunch,360.0
2024-03-18,RevenueCenter_1,Breakfast,2584.0
2024-03-18,RevenueCenter_1,Dinner,1419.0
2024-03-18,RevenueCenter_1,Lunch,270.0
2024-03-19,RevenueCenter_1,Breakfast,3060.0
2024-03-19,RevenueCenter_1,Dinner,914.0
2024-03-19,RevenueCenter_1,Lunch,1713.0
2024-03-20,RevenueCenter_1,Breakfast,2742.0
2024-03-20,RevenueCenter_1,Dinner,2810.0
2024-03-20,RevenueCenter_1,Lunch,370.0
2024-03-21,RevenueCenter_1,Breakfast,4150.0
2024-03-21,RevenueCenter_1,Dinner,1868.0
2024-03-21,RevenueCenter_1,Lunch,450.0
2024-03-22,RevenueCenter_1,Breakfast,416.0
2024-03-22,RevenueCenter_1,Dinner,1442.0
2024-03-22,RevenueCenter_1,Lunch,210.0
2024-03-23,RevenueCenter_1,Breakfast,87.0
2024-03-23,RevenueCenter_1,Dinner,891.5
2024-03-23,RevenueCenter_1,Lunch,445.0
2024-03-24,RevenueCenter_1,Breakfast,440.0
2024-03-24,RevenueCenter_1,Dinner,738.0
2024-03-24,RevenueCenter_1,Lunch,108.75
2024-03-25,RevenueCenter_1,Breakfast,155.0
2024-03-25,RevenueCenter_1,Dinner,917.0
2024-03-25,RevenueCenter_1,Lunch,277.0
2024-03-26,RevenueCenter_1,Breakfast,340.5
2024-03-26,RevenueCenter_1,Dinner,1152.0
2024-03-26,RevenueCenter_1,Lunch,132.0
2024-03-27,RevenueCenter_1,Breakfast,251.0
2024-03-27,RevenueCenter_1,Dinner,1647.0
2024-03-27,RevenueCenter_1,Lunch,1392.0
2024-03-28,RevenueCenter_1,Breakfast,66.0
2024-03-28,RevenueCenter_1,Dinner,1296.0
2024-03-28,RevenueCenter_1,Lunch,477.0
2024-03-29,RevenueCenter_1,Breakfast,1021.0
2024-03-29,RevenueCenter_1,Dinner,710.0
2024-03-29,RevenueCenter_1,Lunch,842.0
2024-03-30,RevenueCenter_1,Breakfast,631.0
2024-03-30,RevenueCenter_1,Dinner,1101.0
2024-03-30,RevenueCenter_1,Lunch,477.0
2024-03-31,RevenueCenter_1,Breakfast,607.0
2024-03-31,RevenueCenter_1,Dinner,1257.0
2024-03-31,RevenueCenter_1,Lunch,248.0
2024-04-01,RevenueCenter_1,Breakfast,920.8583333333333
2024-04-01,RevenueCenter_1,Dinner,733.0
2024-04-01,RevenueCenter_1,Lunch,350.0
2024-04-02,RevenueCenter_1,Breakfast,643.0
2024-04-02,RevenueCenter_1,Dinner,1610.0
2024-04-02,RevenueCenter_1,Lunch,231.0
2024-04-03,RevenueCenter_1,Breakfast,374.0
2024-04-03,RevenueCenter_1,Dinner,1957.0
2024-04-03,RevenueCenter_1,Lunch,394.0
2024-04-04,RevenueCenter_1,Breakfast,469.0
2024-04-04,RevenueCenter_1,Dinner,2338.25
2024-04-04,RevenueCenter_1,Lunch,928.0
2024-04-05,RevenueCenter_1,Breakfast,701.0
2024-04-05,RevenueCenter_1,Dinner,1877.5
2024-04-05,RevenueCenter_1,Lunch,441.84833333333336
2024-04-06,RevenueCenter_1,Breakfast,875.0
2024-04-06,RevenueCenter_1,Dinner,771.0
2024-04-06,RevenueCenter_1,Lunch,389.2
2024-04-07,RevenueCenter_1,Breakfast,932.0
2024-04-07,RevenueCenter_1,Dinner,1663.0
2024-04-07,RevenueCenter_1,Lunch,120.0
2024-04-08,RevenueCenter_1,Breakfast,110.0
2024-04-08,RevenueCenter_1,Dinner,2069.0
2024-04-08,RevenueCenter_1,Lunch,80.0
2024-04-09,RevenueCenter_1,Breakfast,866.0
2024-04-09,RevenueCenter_1,Dinner,1299.0
2024-04-09,RevenueCenter_1,Lunch,195.0
2024-04-10,RevenueCenter_1,Breakfast,1308.25
2024-04-10,RevenueCenter_1,Dinner,1383.0
2024-04-10,RevenueCenter_1,Lunch,562.0
2024-04-11,RevenueCenter_1,Breakfast,1357.0
2024-04-11,RevenueCenter_1,Dinner,3015.0
2024-04-11,RevenueCenter_1,Lunch,454.0
2024-04-12,RevenueCenter_1,Breakfast,937.0
2024-04-12,RevenueCenter_1,Dinner,2756.5
2024-04-12,RevenueCenter_1,Lunch,510.7066666666667
2024-04-13,RevenueCenter_1,Breakfast,1245.0
2024-04-13,RevenueCenter_1,Dinner,1913.0
2024-04-13,RevenueCenter_1,Lunch,315.0
2024-04-14,RevenueCenter_1,Breakfast,153.0
2024-04-14,RevenueCenter_1,Dinner,1903.0
2024-04-14,RevenueCenter_1,Lunch,216.5
2024-04-15,RevenueCenter_1,Breakfast,387.0
2024-04-15,RevenueCenter_1,Dinner,2630.2
2024-04-15,RevenueCenter_1,Lunch,1067.5
2024-04-16,RevenueCenter_1,Breakfast,930.3
2024-04-16,RevenueCenter_1,Dinner,7878.1
2024-04-16,RevenueCenter_1,Lunch,583.0
2024-04-17,RevenueCenter_1,Breakfast,748.0
2024-04-17,RevenueCenter_1,Dinner,2320.0
2024-04-17,RevenueCenter_1,Lunch,878.0
2024-04-18,RevenueCenter_1,Breakfast,979.3
2024-04-18,RevenueCenter_1,Dinner,3853.0
2024-04-18,RevenueCenter_1,Lunch,417.5
2024-04-19,RevenueCenter_1,Breakfast,1437.5
2024-04-19,RevenueCenter_1,Dinner,3481.5
2024-04-19,RevenueCenter_1,Lunch,1016.0
2024-04-20,RevenueCenter_1,Breakfast,1119.0
2024-04-20,RevenueCenter_1,Dinner,1782.7
2024-04-20,RevenueCenter_1,Lunch,173.0
2024-04-21,RevenueCenter_1,Breakfast,608.5
2024-04-21,RevenueCenter_1,Dinner,4640.4
2024-04-21,RevenueCenter_1,Lunch,324.0
2024-04-22,RevenueCenter_1,Breakfast,335.0
2024-04-22,RevenueCenter_1,Dinner,2032.9
2024-04-22,RevenueCenter_1,Lunch,809.5
2024-04-23,RevenueCenter_1,Breakfast,456.7
2024-04-23,RevenueCenter_1,Dinner,3090.5
2024-04-23,RevenueCenter_1,Lunch,737.5
2024-04-24,RevenueCenter_1,Breakfast,421.0
2024-04-24,RevenueCenter_1,Dinner,2461.5
2024-04-24,RevenueCenter_1,Lunch,691.0
2024-04-25,RevenueCenter_1,Breakfast,631.0
2024-04-25,RevenueCenter_1,Dinner,4597.9
2024-04-25,RevenueCenter_1,Lunch,1121.5
2024-04-26,RevenueCenter_1,Breakfast,1005.0
2024-04-26,RevenueCenter_1,Dinner,2840.0
2024-04-26,RevenueCenter_1,Lunch,1224.0
2024-04-27,RevenueCenter_1,Breakfast,736.0
2024-04-27,RevenueCenter_1,Dinner,3199.0
2024-04-27,RevenueCenter_1,Lunch,543.4
2024-04-28,RevenueCenter_1,Breakfast,863.0
2024-04-28,RevenueCenter_1,Dinner,2368.0
2024-04-28,RevenueCenter_1,Lunch,1567.0
2024-04-29,RevenueCenter_1,Breakfast,1064.7
2024-04-29,RevenueCenter_1,Dinner,2149.5
2024-04-29,RevenueCenter_1,Lunch,366.0
2024-04-30,RevenueCenter_1,Breakfast,566.0
2024-04-30,RevenueCenter_1,Dinner,2503.0
2024-04-30,RevenueCenter_1,Lunch,1242.0
